columna,categoria,letra,descripcion
1,MUROS Y COLUMNAS,A,"ESTRUCTURAS LAMINARES CURVADAS DE CONCRETO ARMADO QUE INCLUYEN EN UNA SOLA ARMADURA LA CIMENTACIÓN Y EL TECHO, PARA ESTE CASO NO SE CONSIDERA LOS VALORES DE LA COLUMNA N° 2"
1,MUROS Y COLUMNAS,B,"COLUMNAS, VIGAS Y/O PLACAS DE CONCRETO ARMADO Y/O METÁLICAS"
1,MUROS Y COLUMNAS,C,"PLACAS DE CONCRETO (E= 10 A 15 CM), ALBAÑILERÍA ARMADA, LADRILLO O SIMILAR CON COLUMNAS Y VIGAS DE AMARRE DE CONCRETO ARMADO"
1,MUROS Y COLUMNAS,D,LADRILLO O SIMILAR SIN ELEMENTOS DE CONCRETO ARMADO. DRYWALL O SIMILAR INCLUYE TECHO
1,MUROS Y COLUMNAS,E,"ADOBE, TAPIAL O QUINCHA. BAMBÚ ESTRUCTURAL"
1,MUROS Y COLUMNAS,F,"MADERA (ESTORAQUE, PUMAQUIRO, HUAYRURO, MACHINGA, CATAHUA AMARILLA, COPAIBA, DIABLO FUERTE, TORNILLO O SIMILARES). DRYWALL O SIMILAR (SIN TECHO)"
1,MUROS Y COLUMNAS,G,PIRCADO CON MEZCLA DE BARRO
2,TECHOS,A,LOSA O ALIGERADO DE CONCRETO ARMADO CON LUCES LIBRES MAYORES A 6 M. MEDIDA ENTRE CARA DE LOS APOYOS Y SOBRECARGA MAYOR A 300 KG/M2
2,TECHOS,B,ALIGERADOS O LOSAS DE CONCRETO ARMADO INCLINADAS
2,TECHOS,C,ALIGERADO O LOSAS DE CONCRETO ARMADO HORIZONTALES
2,TECHOS,D,"CALAMINA METÁLICA, FIBROCEMENTO SOBRE VIGUERÍA METÁLICA. BAMBÚ"
2,TECHOS,E,MADERA CON MATERIAL IMPERMEABILIZANTE. POLICARBONATO
2,TECHOS,F,"CALAMINA METÁLICA, FIBROCEMENTO O TEJA SOBRE VIGUERÍA DE MADERA CORRIENTE"
2,TECHOS,G,SIN TECHO
3,PISOS,A,"MÁRMOL IMPORTADO, PIEDRAS NATURALES IMPORTADAS, PORCELANATO"
3,PISOS,B,"MÁRMOL NACIONAL O RECONSTITUIDO, PARQUET FINO (OLIVO, CHONTA O SIMILAR), CERÁMICA IMPORTADA, MADERA FINA"
3,PISOS,C,"MADERA FINA MACHIHEMBRADA, TERRAZO"
3,PISOS,D,"PARQUET DE 1ERA., LAJAS, CERÁMICA NACIONAL, LOSETA VENECIANA 40X40, PISO LAMINADO"
3,PISOS,E,"PARQUET DE 2DA., LOSETA VENECIANA 30X30, LAJAS DE CEMENTO CON CANTO RODADO"
3,PISOS,F,"LOSETA CORRIENTE, CANTO RODADO. ALFOMBRA"
3,PISOS,G,"LOSETA VINÍLICA, CEMENTO BRUÑADO COLOREADO, TAPIZÓN"
3,PISOS,H,"CEMENTO PULIDO, LADRILLO CORRIENTE, ENTABLADO CORRIENTE"
3,PISOS,I,TIERRA COMPACTADA
4,PUERTAS Y VENTANAS,A,"ALUMINIO PESADO CON PERFILES ESPECIALES, MADERA FINA ORNAMENTAL (CAOBA, CEDRO O PINO SELECTO), VIDRIO INSULADO"
4,PUERTAS Y VENTANAS,B,"ALUMINIO O MADERA FINA (CAOBA O SIMILAR) DE DISEÑO ESPECIAL, VIDRIO TRATADO POLARIZADO Y CURVADO, LAMINADO O TEMPLADO"
4,PUERTAS Y VENTANAS,C,"ALUMINIO O MADERA FINA (CAOBA O SIMILAR), VIDRIO TRATADO POLARIZADO, LAMINADO O TEMPLADO"
4,PUERTAS Y VENTANAS,D,"VENTANAS DE ALUMINIO, PUERTAS DE MADERA SELECTA, VIDRIO TRATADO TRANSPARENTE"
4,PUERTAS Y VENTANAS,E,"VENTANAS DE FIERRO, PUERTAS DE MADERA SELECTA (CAOBA O SIMILAR), VIDRIO SIMPLE TRANSPARENTE"
4,PUERTAS Y VENTANAS,F,"VENTANAS DE FIERRO O ALUMINIO INDUSTRIAL, PUERTAS CONTRAPLACADAS DE MADERA (CEDRO O SIMILAR), PUERTAS MATERIAL MDF O HDF, VIDRIO SIMPLE TRANSPARENTE"
4,PUERTAS Y VENTANAS,G,MADERA CORRIENTE CON MARCOS EN PUERTAS Y VENTANAS DE PVC O MADERA CORRIENTE
4,PUERTAS Y VENTANAS,H,MADERA RÚSTICA
4,PUERTAS Y VENTANAS,I,SIN PUERTAS NI VENTANAS
5,REVESTIMIENTOS,A,"MÁRMOL IMPORTADO, MADERA FINA (CAOBA O SIMILAR), BALDOSA ACÚSTICA EN TECHO O SIMILAR"
5,REVESTIMIENTOS,B,"MÁRMOL NACIONAL, MADERA FINA (CAOBA O SIMILAR), ENCHAPES EN TECHOS"
5,REVESTIMIENTOS,C,"SUPERFICIE CARAVISTA OBTENIDA MEDIANTE ENCOFRADO ESPECIAL, ENCHAPE EN TECHOS"
5,REVESTIMIENTOS,D,"ENCHAPE DE MADERA O LAMINADOS, PIEDRA O MATERIAL VITRIFICADO"
5,REVESTIMIENTOS,E,SUPERFICIE DE LADRILLO CARAVISTA
5,REVESTIMIENTOS,F,"TARRAJEO FROTACHADO Y/O YESO MOLDURADO, PINTURA LAVABLE"
5,REVESTIMIENTOS,G,"ESTUCADO DE YESO Y/O BARRO, PINTURA AL TEMPLE O AL AGUA"
5,REVESTIMIENTOS,H,"PINTADO EN LADRILLO RÚSTICO, PLACA DE CONCRETO O SIMILAR"
5,REVESTIMIENTOS,I,"SIN REVESTIMIENTOS EN LADRILLO, ADOBE O SIMILAR"
6,BAÑOS,A,BAÑOS COMPLETOS DE LUJO IMPORTADO CON ENCHAPE FINO (MÁRMOL O SIMILAR)
6,BAÑOS,B,BAÑOS COMPLETOS IMPORTADOS CON MAYÓLICA O CERÁMICO DECORATIVO IMPORTADO
6,BAÑOS,C,BAÑOS COMPLETOS NACIONALES CON MAYÓLICA O CERÁMICO NACIONAL DE COLOR
6,BAÑOS,D,BAÑOS COMPLETOS NACIONALES BLANCOS CON MAYÓLICA BLANCA
6,BAÑOS,E,"BAÑOS CON MAYÓLICA BLANCA, PARCIAL"
6,BAÑOS,F,BAÑOS BLANCOS SIN MAYÓLICA
6,BAÑOS,G,"SANITARIOS BÁSICOS DE LOSA DE 2DA., FIERRO FUNDIDO O GRANITO"
6,BAÑOS,H,SIN APARATOS SANITARIOS
7,INSTALACIONES ELÉCTRICAS Y SANITARIAS,A,"AIRE ACONDICIONADO, ILUMINACIÓN ESPECIAL, VENTILACIÓN FORZADA, SIST. HIDRONEUMÁTICO, AGUA CALIENTE Y FRÍA, INTERCOMUNICADOR, ALARMAS, ASCENSOR, SISTEMA BOMBEO DE AGUA Y DESAGÜE, TELÉFONO"
7,INSTALACIONES ELÉCTRICAS Y SANITARIAS,B,"SISTEMA DE BOMBEO DE AGUA POTABLE, ASCENSOR, TELÉFONO, AGUA CALIENTE Y FRÍA"
7,INSTALACIONES ELÉCTRICAS Y SANITARIAS,C,IGUAL AL PUNTO B SIN ASCENSOR
7,INSTALACIONES ELÉCTRICAS Y SANITARIAS,D,"AGUA FRÍA, AGUA CALIENTE, CORRIENTE TRIFÁSICA, TELÉFONO"
7,INSTALACIONES ELÉCTRICAS Y SANITARIAS,E,"AGUA FRÍA, AGUA CALIENTE, CORRIENTE MONOFÁSICA, TELÉFONO"
7,INSTALACIONES ELÉCTRICAS Y SANITARIAS,F,"AGUA FRÍA, CORRIENTE MONOFÁSICA, TELÉFONO"
7,INSTALACIONES ELÉCTRICAS Y SANITARIAS,G,"AGUA FRÍA, CORRIENTE MONOFÁSICA SIN EMPOTRAR"
7,INSTALACIONES ELÉCTRICAS Y SANITARIAS,H,SIN INSTALACIÓN ELÉCTRICA NI SANITARIA
