tipo_obra,numero,descripcion,unidad_medida,material,valor_unitario
MUROS PERIMETRICOS O CERCOS,1,"MURO DE CONCRETO ARMADO QUE INCLUYE ARMADURA Y CIMENTACIÓN, ESPESOR: HASTA 0.25 M. ALTURA (H): HASTA 2.40 M.",M2,CONCRETO,457.72
MUROS PERIMETRICOS O CERCOS,2,MURO TRASLÚCIDO DE CONCRETO ARMADO (TIPO UNI) Y/O METÁLICO QUE INCLUYE CIMENTACIÓN. H: 2.40 M.,M2,CONCRETO,421.66
MUROS PERIMETRICOS O CERCOS,3,"MURO DE LADRILLO DE ARCILLA O SIMILAR, TARRAJEADO, AMARRE EN SOGA, CON COLUMNAS DE CONCRETO ARMADO Y/O METÁLICAS QUE INCLUYE CIMENTACIÓN, H: MAYOR A 2.40 M.",M2,LADRILLO,387.38
MUROS PERIMETRICOS O CERCOS,4,"MURO DE LADRILLO DE ARCILLA O SIMILAR TARRAJEADO, AMARRE DE SOGA, CON COLUMNAS DE CONCRETO ARMADO Y/O METÁLICAS QUE INCLUYE CIMENTACIÓN. H. HASTA 2.40 M.",M2,LADRILLO,339.24
MUROS PERIMETRICOS O CERCOS,5,"MURO DE LADRILLO DE ARCILLA O SIMILAR, AMARRE EN SOGA, CON COLUMNAS DE CONCRETO ARMADO, SOLAQUEADOS H. HASTA 2.40 M.",M2,LADRILLO,283.66
MUROS PERIMETRICOS O CERCOS,6,CERCO DE FIERRO/ALUMINIO,M2,METAL,208.24
MUROS PERIMETRICOS O CERCOS,7,MURO DE LADRILLO DE ARCILLA O SIMILAR AMARRADO EN SOGA QUE INCLUYE CIMENTACIÓN.,M2,LADRILLO,237.52
MUROS PERIMETRICOS O CERCOS,8,"MURO DE ADOBE, TAPIAL O QUINCHA TARRAJEADO",M2,ADOBE,152.18
MUROS PERIMETRICOS O CERCOS,9,"MURO DE LADRILLO O SIMILAR TARRAJEADO, AMARRE DE CABEZA CON COLUMNAS DE CONCRETO ARMADO H. HASTA 2.40 M.",M2,LADRILLO,412.41
PORTONES Y PUERTAS,10,"PUERTA DE FIERRO, ALUMINIO O SIMILAR DE H. 2.20 M. CON UN ANCHO DE HASTA 2.00 M.",M2,METAL,623.83
PORTONES Y PUERTAS,11,PUERTA DE FIERRO CON PLANCHA METÁLICA DE H. 2.20 M. CON UN ANCHO MAYOR A 2.00 M.,M2,METAL,595.97
PORTONES Y PUERTAS,12,PORTÓN DE FIERRO CON PLANCHA METÁLICA CON UNA H. MAYOR DE 3.00 M HASTA 4.00 M.,M2,METAL,468.54
PORTONES Y PUERTAS,13,PUERTA DE MADERA O SIMILAR DE H=2.20 M. CON ANCHO DE HASTA 2.00 M.,M2,MADERA,483.88
PORTONES Y PUERTAS,14,PUERTA DE MADERA O SIMILAR DE H=2.20 M. CON UN ANCHO MAYOR A 2.00 M.,M2,MADERA,435.47
PORTONES Y PUERTAS,15,PORTÓN DE FIERRO CON PLANCHA METÁLICA CON UNA H. HASTA 3.00 M.,M2,METAL,394.83
PORTONES Y PUERTAS,16,PORTÓN DE FIERRO CON PLANCHA METÁLICA CON UNA ALTURA MAYOR A 4.00 M.,M2,METAL,351.30
TANQUES ELEVADOS,17,TANQUE DE CONCRETO ARMADO CON CAPACIDAD HASTA 5.00 M3.,M3,CONCRETO,1328.49
TANQUES ELEVADOS,18,"TANQUE ELEVADO DE PLÁSTICO/FIBRA DE VIDRIO/POLIETILENO O SIMILAR, MAYOR DE 1.00 M3.",M3,,1452.77
TANQUES ELEVADOS,19,TANQUE DE CONCRETO ARMADO CON CAPACIDAD MAYOR DE 5.00 M3.,M3,CONCRETO,1113.43
TANQUES ELEVADOS,20,TANQUE DE CONCRETO ARMADO CON CAPACIDAD MAYORES A 15.00 M3.,M3,CONCRETO,986.37
TANQUES ELEVADOS,21,TANQUE ELEVADO DE PLÁSTICO/FIBRA DE VIDRIO/POLIETILENO O SIMILAR CAPACIDAD HASTA 1.00 M3.,M3,,1093.91
CISTERNAS - POZOS SUMIDEROS - TANQUES SEPTICOS,22,"TANQUE CISTERNA DE PLÁSTICO, FIBRA DE VIDRIO, POLIETILENO O SIMILAR CAPACIDAD MAYOR DE 1.00 M3.",M3,,1497.39
CISTERNAS - POZOS SUMIDEROS - TANQUES SEPTICOS,23,CISTERNA DE CONCRETO ARMADO CON CAPACIDAD HASTA 5.00 M3.,M3,CONCRETO,1502.91
CISTERNAS - POZOS SUMIDEROS - TANQUES SEPTICOS,24,CISTERNA DE CONCRETO ARMADO CON CAPACIDAD HASTA 10.00 M3.,M3,CONCRETO,1253.07
CISTERNAS - POZOS SUMIDEROS - TANQUES SEPTICOS,25,CISTERNA DE CONCRETO ARMADO CON CAPACIDAD HASTA 20.00 M3.,M3,CONCRETO,1102.90
CISTERNAS - POZOS SUMIDEROS - TANQUES SEPTICOS,26,"CISTERNA, POZO DE LADRILLO TARRAJEADO. HASTA 5.00 M3",M3,LADRILLO,1188.00
CISTERNAS - POZOS SUMIDEROS - TANQUES SEPTICOS,27,CISTERNA DE CONCRETO ARMADO CON CAPACIDAD MAYOR DE 20.00 M3.,M3,CONCRETO,910.42
CISTERNAS - POZOS SUMIDEROS - TANQUES SEPTICOS,28,"TANQUE DE PLÁSTICO, FIBRA DE VIDRIO, POLIETILENO O SIMILAR CON CAPACIDAD HASTA 1.00 M3.",M3,,912.88
PISCINAS - ESPEJOS DE AGUA,29,"PISCINA, ESPEJO DE AGUA, CONCRETO ARMADO CON MAYÓLICA, CAPACIDAD HASTA 5.00 M3.",M3,CONCRETO,1497.38
PISCINAS - ESPEJOS DE AGUA,30,"PISCINA, ESPEJO DE AGUA, CONCRETO ARMADO CON MAYÓLICA, CAPACIDAD HASTA 10.00 M3.",M3,CONCRETO,1248.35
PISCINAS - ESPEJOS DE AGUA,31,"PISCINA, ESPEJO DE AGUA CONCRETO ARMADO CON MAYÓLICA, CAPACIDAD MAYORES A 10.00 M3.",M3,CONCRETO,1194.07
PISCINAS - ESPEJOS DE AGUA,32,PISCINA DE LADRILLO KK CON PINTURA.,M3,LADRILLO,1028.90
LOSAS DEPORTIVAS - ESTACIONAMIENTOS - PATIOS - VEREDAS,33,"LOSA DE CONCRETO ARMADO ESPESOR 4""",M2,CONCRETO,172.11
LOSAS DEPORTIVAS - ESTACIONAMIENTOS - PATIOS - VEREDAS,34,"ASFALTO ESPESOR 2""",M2,,143.18
LOSAS DEPORTIVAS - ESTACIONAMIENTOS - PATIOS - VEREDAS,35,"LOSA DE CONCRETO SIMPLE ESPESOR HASTA 4""",M2,CONCRETO,137.40
LOSAS DEPORTIVAS - ESTACIONAMIENTOS - PATIOS - VEREDAS,36,"CONCRETO PARA VEREDAS ESPESOR 4""",M2,CONCRETO,108.32
HORNOS - CHIMENEAS - INCINERADORES,37,HORNO DE CONCRETO ARMADO CON ENCHAPE DE LADRILLO REFRACTARIO.,M3,CONCRETO,1611.74
HORNOS - CHIMENEAS - INCINERADORES,38,HORNO DE LADRILLO CON ENCHAPE DE LADRILLO REFRACTARIO.,M3,LADRILLO,1359.50
HORNOS - CHIMENEAS - INCINERADORES,39,HORNO DE ADOBE,M3,ADOBE,405.93
TORRES DE VIGILANCIA,40,ESTRUCTURA DE CONCRETO ARMADO QUE INCLUYE TORRE DE VIGILANCIA.,UND,CONCRETO,7148.29
TORRES DE VIGILANCIA,41,ESTRUCTURA DE CONCRETO ARMADO NO INCLUYE TORRE DE VIGILANCIA.,UND,CONCRETO,4248.09
BOVEDAS,42,BÓVEDA DE CONCRETO ARMADO REFORZADO,M3,CONCRETO,1543.94
BALANZAS INDUSTRIALES,43,BALANZA INDUSTRIAL DE CONCRETO ARMADO (OBRA CIVIL),M3,CONCRETO,877.84
POSTES DE ALUMBRADO,44,POSTE DE CONCRETO/FIERRO QUE INCLUYE UN REFLECTOR,UND,,2607.76
BASES DE SOPORTE DE MAQUINAS,45,DADOS DE CONCRETO ARMADO,M3,CONCRETO,1825.88
CAJAS DE REGISTRO DE CONCRETO,46,"CAJA DE REGISTRO DE CONCRETO DE 24""X24""",UND,CONCRETO,345.86
CAJAS DE REGISTRO DE CONCRETO,47,"CAJA DE REGISTRO DE CONCRETO DE 12""X24""",UND,CONCRETO,335.80
CAJAS DE REGISTRO DE CONCRETO,48,"CAJA DE REGISTRO DE CONCRETO DE 10""X20""",UND,CONCRETO,286.97
BUZON DE CONCRETO,49,BUZÓN DE CONCRETO STANDARD,UND,CONCRETO,2541.80
PARAPETO,50,"PARAPETO LADRILLO KK, DE CABEZA, ACABADO TARRAJEADO, H = 0.80 M.- 1.00 M.",M2,LADRILLO,245.71
PARAPETO,51,"PARAPETO LADRILLO KK, DE SOGA, ACABADO TARRAJEADO, H = 0.80 M. - 1.00 M.",M2,LADRILLO,198.92
PARAPETO,52,"PARAPETO LADRILLO KK, DE CABEZA, ACABADO CARAVISTA, H = 0.80 M. - 1.00 M.",M2,LADRILLO,170.68
PARAPETO,53,"PARAPETO LADRILLO KK, DE SOGA, ACABADO CARAVISTA, H = 0.80 M.- 1.00 M.",M2,LADRILLO,112.17
RAMPAS - GRADAS Y ESCALERAS DE CONCRETO,54,ESCALERA DE CONCRETO ARMADO C/ACABADOS,M3,CONCRETO,6191.71
RAMPAS - GRADAS Y ESCALERAS DE CONCRETO,55,ESCALERA DE CONCRETO ARMADOS S/ACABADOS,M3,CONCRETO,5000.95
RAMPAS - GRADAS Y ESCALERAS DE CONCRETO,56,RAMPA O GRADA DE CONCRETO C/ENCOFRADO,M3,CONCRETO,2146.11
RAMPAS - GRADAS Y ESCALERAS DE CONCRETO,57,RAMPA DE CONCRETO S/ENCOFRADO,M3,CONCRETO,1752.05
MURO DE CONTENCION DE CONCRETO ARMADO,58,"MURO DE CONTENCIÓN CONCRETO ARMADO H = 1.40 M., E = 20 CM.",M3,CONCRETO,1530.34
MURO DE CONTENCION DE CONCRETO ARMADO,59,"MURO DE CONTENCIÓN CONCRETO ARMADO H = 2.50 M., E = 20 CM.",M3,CONCRETO,1358.23
MURO DE CONTENCION DE CONCRETO ARMADO,60,"MURO DE CONTENCIÓN CONCRETO ARMADO H=4.00 M., E = 20 CM.",M3,CONCRETO,1329.92
MURO DE CONTENCION DE CONCRETO ARMADO,61,"MURO DE CONTENCIÓN CONCRETO ARMADO H =1.40 M., E = 15 CM.",M3,CONCRETO,1325.88
MURO DE CONTENCION DE CONCRETO ARMADO,62,"MURO DE CONTENCIÓN CONCRETO ARMADO H = 2.50 M., E = 15 CM.",M3,CONCRETO,1136.59
MURO DE CONTENCION DE CONCRETO ARMADO,63,"MURO DE CONTENCIÓN CONCRETO ARMADO H = 4.00 M., E = 15 CM.",M3,CONCRETO,1101.58
ESCALERA METALICA,64,ESCALERA METÁLICA CARACOL H = 6.00 M. (VA DEL 1ER PISO AL 3ER PISO),UND,METAL,9126.61
ESCALERA METALICA,65,ESCALERA METÁLICA CARACOL H = 3.00 M. (VA DEL 1ER PISO AL 2DO PISO),UND,METAL,4794.66
ESCALERA METALICA,66,ESCALERA METÁLICA CARACOL H = 3.00 M. DE UN PISO A OTRO (ENTRE PISOS),UND,METAL,4331.95
PASTORAL,67,PASTORALES H =2.20 M.,UND,,524.37
PROYECTORES LUMINARIA,68,"PROYECTORES LUMINARIA, 250 W, VAPOR DE SODIO, INSTALACIÓN, CABLEADO",UND,,1064.32
PROYECTORES LUMINARIA,69,"PROYECTORES LUMINARIA, 150 W, VAPOR DE MERCURIO, INSTALACIÓN, CABLEADO.",UND,,990.04
TUBERIAS DE CONCRETO,70,TUBERÍA DE CONCRETO ARMADO D=1.20 M.,ML,CONCRETO,588.78
TUBERIAS DE CONCRETO,71,"TUBERÍA DE CONCRETO D=18"" (45 CM)",ML,CONCRETO,372.98
CANALETA DE CONCRETO ARMADO,72,CANALETA DE CONCRETO SIN REJILLAS,ML,CONCRETO,83.75
ZANJAS DE CONCRETO,73,ZANJA DE CONCRETO ARMADO (TALLERES),ML,CONCRETO,935.45
POSTES DE CONCRETO ARMADO,74,"POSTES DE CONCRETO, UN REFLECTOR, INSTALADO Y CABLEADO, H = 12.00 M.",PZA,CONCRETO,5166.01
POSTES DE CONCRETO ARMADO,75,"POSTES DE CONCRETO, UN REFLECTOR, INSTALADO Y CABLEADO, H = 11,00 M.",PZA,CONCRETO,4238.82
POSTES DE CONCRETO ARMADO,76,"POSTES DE CONCRETO, UN REFLECTOR, INSTALADO Y CABLEADO, H = 10,00 M.",PZA,CONCRETO,3663.26
POSTES DE CONCRETO ARMADO,77,"POSTES DE CONCRETO, UN REFLECTOR, INSTALADO Y CABLEADO, H = 9.00 M.",PZA,CONCRETO,3029.44
POSTES DE CONCRETO ARMADO,78,"POSTES DE CONCRETO, UN REFLECTOR, INSTALADO Y CABLEADO, H = 8.00 M.",PZA,CONCRETO,2607.76
POSTES DE CONCRETO ARMADO,79,"POSTES DE CONCRETO, UN REFLECTOR, INSTALADO Y CABLEADO, H = 7.00 M.",PZA,CONCRETO,2130.10
POSTES DE CONCRETO ARMADO,80,"POSTES DE CONCRETO, UN REFLECTOR, INSTALADO Y CABLEADO, H = 3.00 M.",PZA,CONCRETO,973.55
CUBIERTAS,81,CUBIERTA DE TEJAS DE ARCILLAS O SIMILAR,M2,,144.61
CUBIERTAS,82,CUBIERTA DE LADRILLO PASTELERO ASENTADO C/MEZCLA 1:5,M2,LADRILLO,77.81
CUBIERTAS,83,CUBIERTA DE LADRILLO PASTELERO ASENTADO C/BARRO,M2,LADRILLO,74.53
CUBIERTAS,84,"CUBIERTA CON TORTA DE BARRO 2""",M2,,42.42
PASAMANO METALICO,85,"PASAMANO METÁLICO DE TUBO CIRCULAR GALVANIZADO DE 3"" DIAM.",ML,METAL,416.22
PASAMANO METALICO,86,"PASAMANO METÁLICO DE TUBO CIRCULAR GALVANIZADO DE 2"" DIAM.",ML,METAL,227.74
PASAMANO METALICO,87,"PASAMANO METÁLICO DE TUBO CIRCULAR GALVANIZADO DE 1"" DIAM.",ML,METAL,172.64
CERCOS METALICOS,88,"CERCO METÁLICO; TUBO CIRCULAR 2"" DIAM., ANG. 1"", MALLA 2"" X 2"", ALAM. #8",M2,METAL,244.43
CERCOS METALICOS,89,"CERCO METÁLICO; TUBO CIRCULAR 2"" DIAM., ANG 1"", MALLA 2"" X 2"", ALAM #10",M2,METAL,226.56
CERCOS METALICOS,90,"CERCO METÁLICO; TUBO CIRCULAR 2"" DIAM., ANG 1"", MALLA 2"" X 2"", ALAM #12",M2,METAL,203.34
COLUMNAS ESTRUCTURAS O SIMILARES DE FIERRO,91,POSTE/ESTRUCTURA DE FIERRO H = 4 M.,PZA,METAL,540.66
COLUMNAS ESTRUCTURAS O SIMILARES DE FIERRO,92,POSTE/ESTRUCTURA DE FIERRO H = 2.50 M.,PZA,METAL,316.23
SARDINEL,93,"SARDINEL DE CONCRETO E=0,15M; PERALTADO, ACABADO SIN PINTURA. ALTURA DE PERALTE: 0.35 M.",ML,CONCRETO,129.71
SARDINEL,94,"SARDINEL DE CONCRETO E=0,15M; PERALTADO, ACABADO CON PINTURA. ALTURA DE PERALTE: 0.35 M.",ML,CONCRETO,142.50
PISTA O PAVIMENTO DE CONCRETO,95,"PISTA O LOSA DE CONCRETO DE 6""",M2,CONCRETO,199.78
TRAMPA DE CONCRETO PARA GRASA,96,TRAMPA DE CONCRETO ARMADO PARA GRASA,M3,CONCRETO,1369.17
