codigo,nombre,abreviatura
02,AGRUPACION,AGRUP
01,ASENTAMIENTO HUMANO,AA.HH.
10,ASOCIACION,ASOC
21,ASOCIACION DE VIVIENDA,ASOC. VIV.
53,ASOCIACION DE VIVIENDA DE INTERES SOCIAL,ASOC.VIS.
48,ASOCIACION DE VIVIENDA E INTERES SOCIAL,ASOC.VIS.
54,ASOCIACION DE VIVIENDA POPULAR DE INTERES SOCIAL,ASOC.V.POPIS
50,ASOCIACION POPULAR URBANIZADORA,ASOC.PU.
24,ASOCIACION PRO VIVIENDA,A.P.V.
45,ASOCIACION PRO VIVIENDA DE INTERES SOCIAL,ASOC.PVIS.
46,ASOCIACION PRO VIVIENDA UNIDAD VECINAL,ASOC.PVUV.
55,BALNEARIO,BAL.
18,BARRIO,BAR
15,CASERIO,CAS
26,CENTRO POBLADO,C.P.
08,CERCADO,CER
42,COMPLEJO HABITACIONAL,C.HAB.
03,CONJUNTO HABITACIONAL,CONJ. HAB.
04,CONJUNTO RESIDENCIAL,C.R.
11,COOPERATIVA,COOP
22,COOPERATIVA DE VIVIENDA,COOP. VIV.
19,FUNDO,FDO
43,LOTE UNICO,L.U.
12,LOTIZACION,LOT
36,POSESION INFORMAL,P.I.
58,PROGRAMA,PRO.
40,PROGRAMA DE ADJUDICACION DE LOTES,P.A.L.
37,PROGRAMA DE VIVIENDA,P.V.
38,PROGRAMA MUNICIPAL DE VIVIENDA,PMV.
57,PROYECTO INTEGRAL DE LAS JUNTAS VECINALES,PROY.I.J.V.
05,PUEBLO JOVEN,P.J.
31,PUEBLO TRADICIONAL,P. T.
56,RESIDENCIAL,RES.
30,SECTOR,S.
35,SIN HABILITACION,SIN. HAB.
16,UNIDAD VECINAL,U.V.
06,URBANIZACION,URB.
07,URBANIZACION POPULAR,URB. POP.
33,URBANIZACION POPULAR DE INTERES SOCIAL,UPIS
44,URBANIZACION PRO VIVIENDA DE INTERES SOCIAL,UPVIS
25,ZONA,Z.
52,ZONA INDUSTRIAL,Z.I.
32,ZONA URBANA,Z.U.
