codigo,descripcion,fuente
010000,RESIDENCIAL,SRTM
010100,UNIFAMILIAR,SRTM
010101,CASA HABITACIÓN,SRTM
010200,MULTIFAMILIAR,SNCP
010201,EDIFICIO,SRTM
010202,QUINTA,SRTM
010203,CALLEJÓN,SRTM
010204,CORRALÓN,SRTM
010205,SOLAR,SRTM
010206,EDIFICIO EN QUINTA,SRTM
010207,AIRES,SRTM
010208,TENDAL EN QUINTA,SRTM
010209,TENDAL EN EDIFICIO,SRTM
020000,COMERCIAL,ARMONIZACION
020100,ALMACÉN,SNCP
020101,PRODUCTOS AGROPECUARIOS Y PESQUEROS NO INDUSTRIALIZADOS,SNCP
020102,PRODUCTOS DE SILVICULTURA MINERALES Y METALES,SNCP
020103,PRODUCTOS MANUFACTURADOS PREDOMINANTEMENTE DE CONSUMO INMEDIATO,ARMONIZACION
020104,PRODUCTOS MANUFACTURADOS DE USO DURADERO,SNCP
020105,PRODUCTOS MANUFACTURADOS DE INSUMOS REPUESTOS Y ACCESORIOS,SNCP
020106,PRODUCTOS MANUFACTURADOS PREDOMINANTEMENTE DE BIENES DE CAPITAL,SNCP
020107,DE BIENES NO ESPECIFICADOS,ARMONIZACION
020200,DEPÓSITO,ARMONIZACION
020201,PRODUCTOS AGROPECUARIOS Y PESQUEROS NO INDUSTRIALIZADOS,SNCP
020202,PRODUCTOS DE SILVICULTURA MINERALES Y METALES,ARMONIZACION
020203,PRODUCTOS MANUFACTURADOS PREDOMINANTEMENTE DE CONSUMO INMEDIATO,SNCP
020204,PRODUCTOS MANUFACTURADOS DE USO DURADERO,SNCP
020205,PRODUCTOS MANUFACTURADOS DE INSUMOS REPUESTOS Y ACCESORIOS,SNCP
020206,PRODUCTOS MANUFACTURADOS PREDOMINANTEMENTE DE BIENES DE CAPITAL,SNCP
020207,EQUIPAMIENTO DE COMERCIO AMBULATORIO,SNCP
020208,DE BIENES NO ESPECIFICADOS,ARMONIZACION
020300,TIENDAS,ARMONIZACION
020301,DE PRODUCTOS AGRÍCOLAS COMESTIBLES,ARMONIZACION
020302,DE PRODUCTOS AGRÍCOLAS NO UTILIZADOS EN LA ALIMENTACIÓN HUMANA,SNCP
020303,DE ANIMALES GENERALMENTE NO UTILIZADOS EN LA ALIMENTACIÓN HUMANA,SNCP
020304,DE ANIMALES GENERALMENTE UTILIZADOS EN LA ALIMENTACIÓN HUMANA,ARMONIZACION
020305,DE PRODUCTOS EN ESTADO NATURAL,SNCP
020306,DE PRODUCTOS DERIVADOS NO INDUSTRIALIZADOS,SNCP
020307,DE PRODUCTOS ALIMENTICIOS,ARMONIZACION
020308,DE ALIMENTOS PREPARADOS PARA ANIMALES,SNCP
020309,DE BEBIDAS TABACO Y ARTÍCULOS CONEXOS,SNCP
020310,DE PRODUCTOS FARMACÉUTICOS Y ARTÍCULOS DE TOCADOR,ARMONIZACION
020311,DE COMBUSTIBLES Y LUBRICANTES,ARMONIZACION
020312,DE TELAS CONFECCIONES TEXTILES CUERO PIELES Y ARTÍCULOS CONEXOS,SNCP
020313,DE ARTÍCULOS DEL HOGAR,SNCP
020314,DE LIBROS REVISTAS Y ÚTILES DE ESCRITORIO,ARMONIZACION
020315,DE ARTÍCULOS ARTÍSTICOS Y DE LUJO,SNCP
020316,DE AUTOMÓVILES Y OTROS MEDIOS DE TRANSPORTE Y TRACCIÓN PERSONAL,SNCP
020317,DE DIVERSOS ARTÍCULOS DE USO DURADERO,ARMONIZACION
020318,DE FERTILIZANTES PESTICIDAS Y OTROS INSUMOS PARA LA AGRICULTURA,SNCP
020319,DE INSUMOS MANUFACTURADOS PARA LA INDUSTRIA DE TRANSFORMACIÓN,SNCP
020320,DE INSUMOS MANUFACTURADOS PARA LA CONSTRUCCIÓN,ARMONIZACION
020321,DE REPUESTOS Y ACCESORIOS,SNCP
020322,DE MAQUINARIAS HERRAMIENTAS IMPLEMENTOS Y EQUIPOS,ARMONIZACION
020323,DE APARATOS DE MEDICIÓN PRECISIÓN PROCESAMIENTO Y FINES DIVERSOS,SNCP
020324,DE VEHÍCULOS EXCEPTO LOS DEL CÓDIGO 020316,SNCP
020325,DE PRODUCTOS DE DIVERSAS RAMAS DEL MISMO RUBRO,SNCP
020326,TIENDA MÚLTIPLE DE DIFERENTE RUBRO,SNCP
020400,OFICINA,SNCP
020401,DE ESTUDIOS Y PROYECTOS,SNCP
020402,DE PROFESIÓN MÉDICA,ARMONIZACION
020403,ESTUDIOS JURÍDICOS,ARMONIZACION
020404,ASESORES Y CONSULTORES,SNCP
020405,DE ENFERMERÍA,SNCP
020406,DE CORRETAJE Y AFINES,SNCP
020407,DE CONSTRUCCIÓN,ARMONIZACION
020408,DE BIENES Y EXPORTACIÓN O IMPORTACIÓN,SNCP
020409,ADMINISTRATIVA,SNCP
020500,SERVICIOS,SNCP
020501,DE ALIMENTACIÓN Y BEBIDAS,ARMONIZACION
020502,DE VESTIMENTA,ARMONIZACION
020503,DE VIVIENDA Y ALOJAMIENTO,ARMONIZACION
020504,DE HIGIENE Y ESTÉTICA PERSONAL,SNCP
020505,DE MANTENIMIENTO Y LIMPIEZA DE MUEBLES,SNCP
020506,TÉCNICOS ESPECIALIZADOS,SNCP
020507,DE MECÁNICA AUTOMOTRIZ,ARMONIZACION
020508,DE MECÁNICA EN GENERAL Y ELECTRICIDAD,ARMONIZACION
020509,PARA APARATOS Y MUEBLES PREFERENTEMENTE DE USO DOMÉSTICO,SNCP
020510,DE MECÁNICA FINA,SNCP
020511,PRESTADOS A LAS EMPRESAS,SNCP
020512,ALQUILER Y ARRENDAMIENTO DE MAQUINARIA Y EQUIPO,SNCP
020513,DE SANEAMIENTO Y SIMILARES,SNCP
020514,DE VETERINARIA,SNCP
020515,AGENCIAS DE TURISMO VIAJES Y SIMILARES,SNCP
020516,DE CABALLERIZA,SNCP
020517,DE ESPARCIMIENTO NO ESPECIFICADO,SNCP
030000,INDUSTRIA,ARMONIZACION
030100,EXTRACTIVA,SNCP
030101,AGRICULTURA CAZA SILVICULTURA Y PESCA,SNCP
030102,EXPLOTACIÓN DE MINAS CANTERAS O PETRÓLEO,SNCP
030200,MANUFACTURERA,SNCP
030201,PRODUCTOS ALIMENTICIOS BEBIDAS Y TABACO,ARMONIZACION
030202,TEXTILES PRENDAS DE VESTIR O INDUSTRIA DE CUERO,SNCP
030203,INDUSTRIA DE LA MADERA Y PRODUCTOS DE MADERA INCLUIDOS MUEBLES,SNCP
030204,FABRICACIÓN DE PAPEL Y PRODUCTOS DE PAPEL IMPRENTA Y EDITORIALES,SNCP
030205,FABRICACIÓN DE SUSTANCIAS Y PRODUCTOS QUÍMICOS,SNCP
030206,FABRICACIÓN DE PRODUCTOS MINERALES NO METÁLICOS,ARMONIZACION
030207,INDUSTRIAS METÁLICAS BÁSICAS,SNCP
030208,FABRICACIÓN DE PRODUCTOS METÁLICOS MAQUINARIAS Y EQUIPO,ARMONIZACION
030209,OTRAS INDUSTRIAS MANUFACTURERAS NO ESPECIFICADAS,ARMONIZACION
040000,RECREACIONAL,ARMONIZACION
040100,DEPORTIVO,ARMONIZACION
040101,PARQUE METROPOLITANO,SNCP
040102,PARQUE ZONAL,ARMONIZACION
040103,PARQUE,ARMONIZACION
040104,ESTADIO,ARMONIZACION
040105,HIPÓDROMO,SNCP
040106,COLISEO,ARMONIZACION
040107,CLUB O CÍRCULO,ARMONIZACION
040108,CENTRO DEPORTIVO,ARMONIZACION
040109,PISTA DE PATINAJE,SNCP
040110,CANCHA DE BOWLING,SNCP
040111,MESA DE BILLAR Y BILLAS,SNCP
040112,CANCHA DE BOCHAS,SNCP
040113,GIMNASIO AERÓBICOS Y SIMILARES,SNCP
040114,GALERÍA DE TIRO,SNCP
040115,PISCINA DE NATACIÓN,ARMONIZACION
040116,ACADEMIA DE DANZA BAILE O DANZAS FOLKLÓRICAS,SNCP
040117,ACADEMIA DE DEPORTES FÚTBOL BÁSKET NATACIÓN Y OTROS,SNCP
040118,ACADEMIA DE ARTES MARCIALES,SNCP
040119,PLAZOLETA,SNCP
040200,CULTURAL,SNCP
040201,MUSEO,SNCP
040202,CENTRO DE CONVENCIONES,SNCP
040203,SALA DE EXPOSICIÓN FERIA O GALERÍA DE ARTE,ARMONIZACION
040204,MONUMENTO ARQUEOLÓGICO O HISTÓRICO COLONIAL REPUBLICANO,SNCP
040205,TEATRO,SNCP
040206,JARDÍN BOTÁNICO,SNCP
040207,ZOOLÓGICO,SNCP
040208,CINE,SNCP
040209,BIBLIOTECA,ARMONIZACION
040210,OBSERVATORIO O PLANETARIO,SNCP
040300,DIVERSIÓN,ARMONIZACION
040301,DISCOTECA,ARMONIZACION
040302,PINBALL O SIMILAR,SNCP
040303,BINGO O CASINO DE JUEGO,SNCP
040304,PEÑA,SNCP
040305,CAFÉ TEATRO CABARET CENTRO NOCTURNO O BOITE,SNCP
040306,SALÓN DE BAILE,ARMONIZACION
040307,CENTRO DE APUESTA,SNCP
040308,CASA DE CITA Y PROSTÍBULO,SNCP
040309,CIRCO,SNCP
040310,KARAOKE O PUB,SNCP
050000,EQUIPAMIENTO URBANO,SNCP
050100,EDUCATIVO,ARMONIZACION
050101,EDUCACIÓN INICIAL ESTATAL,ARMONIZACION
050102,EDUCACIÓN INICIAL PARTICULAR,ARMONIZACION
050103,EDUCACIÓN PRIMARIA ESTATAL,ARMONIZACION
050104,EDUCACIÓN PRIMARIA PARTICULAR,ARMONIZACION
050105,EDUCACIÓN SECUNDARIA ESTATAL,ARMONIZACION
050106,EDUCACIÓN SECUNDARIA PARTICULAR,ARMONIZACION
050107,EDUCACIÓN PRIMARIA-SECUNDARIA ESTATAL,ARMONIZACION
050108,EDUCACIÓN PRIMARIA-SECUNDARIA PARTICULAR,ARMONIZACION
050109,EDUCACIÓN PRE-UNIVERSITARIA,SRTM
050110,EDUCACIÓN SUPERIOR UNIVERSITARIA ESTATAL,SNCP
050111,EDUCACIÓN SUPERIOR UNIVERSITARIA PARTICULAR,SRTM
050112,EDUCACIÓN SUPERIOR INSTITUTO ESTATAL,SNCP
050113,EDUCACIÓN SUPERIOR INSTITUTO PARTICULAR,SNCP
050114,CALIFICACIÓN PROFESIONAL ESPECIALIZADA,SNCP
050115,EDUCACIÓN ESPECIAL,ARMONIZACION
050116,OTRO NO ESPECIFICADO,SRTM
050200,SALUD,ARMONIZACION
050201,HOSPITAL ESPECIALIZADO,SRTM
050202,HOSPITAL GENERAL,SRTM
050203,HOSPITAL GENERAL DE LAS FUERZAS ARMADAS Y POLICIALES,SNCP
050204,CLÍNICA ESPECIALIZADA,SRTM
050205,CLÍNICA,ARMONIZACION
050206,CENTRO DE SALUD TIPO C POLICLÍNICO O CENTRO MÉDICO PARTICULAR,ARMONIZACION
050207,PUESTO SANITARIO,SNCP
050208,CENTRO ESPECIALIZADO DE ASISTENCIA SOCIAL,SNCP
050209,CEMENTERIO,ARMONIZACION
050210,FUNERARIA,SNCP
050300,TRANSPORTE,ARMONIZACION
050301,TERMINAL MARÍTIMO,SNCP
050302,TERMINAL AÉREO,SNCP
050303,TERMINAL TERRESTRE,SNCP
050304,TERMINAL FERROVIARIO,SNCP
050305,DEPÓSITO Y ALMACENAMIENTO,ARMONIZACION
050306,PLAYA O EDIFICIO DE ESTACIONAMIENTO,ARMONIZACION
050307,SERVICIO RELACIONADO AL TRANSPORTE FERROVIARIO,SNCP
050308,SERVICIO RELACIONADO AL TRANSPORTE TERRESTRE INTERPROVINCIAL,ARMONIZACION
050309,SERVICIO RELACIONADO AL TRANSPORTE DE CARGA POR CARRETERA,SNCP
050310,OTRO TRANSPORTE TERRESTRE DE PASAJEROS EN LA CIUDAD,ARMONIZACION
050311,SERVICIO RELACIONADO AL TRANSPORTE AÉREO,SNCP
050312,SERVICIO RELACIONADO AL TRANSPORTE POR AGUA,SNCP
050400,COMUNICACIÓN,SNCP
050401,CORREO,SNCP
050402,TELÉFONO,SNCP
050403,TELEVISIÓN,SNCP
050404,TELÉGRAFO,SNCP
050405,RADIO,SNCP
050406,CABLES,SNCP
050407,VÍA SATÉLITE,SNCP
050408,TÉLEX,SNCP
050409,TELETIPO,SNCP
050410,TELEFOTO,SNCP
050411,PRENSA,SNCP
050412,AGENCIA DE PRENSA,SNCP
050413,AGENCIA NOTICIOSA,SNCP
050414,MENSAJERÍA,SRTM
050415,INTERNET,SRTM
050416,OTRO NO ESPECIFICADO,SRTM
050500,SERVICIOS,ARMONIZACION
050501,LUZ Y FUERZA ELÉCTRICA,SNCP
050502,PRODUCCIÓN Y DISTRIBUCIÓN DE GAS,SNCP
050503,SUMINISTRO DE VAPOR,SNCP
050504,CENTRO DE CAPTACIÓN PURIFICACIÓN Y DISTRIBUCIÓN DE AGUA,ARMONIZACION
050505,CENTRAL DE GENERACIÓN ELÉCTRICA,SNCP
050506,SUB ESTACIÓN DE TELECOMUNICACIONES,SNCP
050600,ALIMENTACIÓN,ARMONIZACION
050601,MERCADOS,ARMONIZACION
050602,MERCADO AMBULATORIO,SRTM
060000,INSTITUCIONAL,ARMONIZACION
060100,ADMINISTRACIÓN PÚBLICA,ARMONIZACION
060101,EDIFICACIÓN UTILIZADA POR EL GOBIERNO CENTRAL,SNCP
060102,EDIFICACIÓN UTILIZADA POR EL GOBIERNO REGIONAL,ARMONIZACION
060103,EDIFICACIÓN UTILIZADA POR EL GOBIERNO LOCAL,SRTM
060104,EDIFICACIÓN UTILIZADA POR EL GOBIERNO NO ESPECIFICADO,ARMONIZACION
060200,F.F.A.A. - POLICIALES,SNCP
060201,PREFECTURA COMANDANCIA O COMISARÍA G.C.,SNCP
060202,COMISARÍA ESTACIÓN DE LA POLICÍA NACIONAL,SNCP
060203,CENTRO DE INSTRUCCIÓN DE LAS FUERZAS ARMADAS,SNCP
060204,CENTRO DE INSTRUCCIÓN DE LAS FUERZAS POLICIALES,SNCP
060205,CUARTEL DE LA GUARDIA REPUBLICANA POLICÍA NACIONAL,SNCP
060206,CUARTEL DEL EJÉRCITO,SNCP
060207,CUARTEL DE LA FUERZA AÉREA,SRTM
060208,CUARTEL DE LA MARINA O BASE NAVAL,SRTM
060209,CENTRO DE REHABILITACIÓN Y ASISTENCIA SOCIAL - CÁRCELES,SNCP
060300,ESTABLECIMIENTOS FINANCIEROS Y MONETARIOS,SNCP
060301,FINANCIERA,SRTM
060302,BOLSA DE VALORES,SRTM
060303,AGENCIA CAMBIARÍA,SNCP
060304,COMPAÑÍA DE PATENTES Y LICENCIAS,SNCP
060305,OTRO ESTABLECIMIENTO FINANCIERO NO ESPECIFICADO,SNCP
060306,BANCO DE LA ENTIDAD PÚBLICA,SNCP
060307,BANCO COMERCIAL,SNCP
060308,AGENCIA BANCARIA,SNCP
060309,CAJA DE AHORRO,SNCP
060310,MUTUAL,SNCP
060311,COOPERATIVA DE CRÉDITO,SNCP
060312,CASA DE PRÉSTAMO,SNCP
060313,OTRA INSTITUCIÓN MONETARIA NO ESPECIFICADA,SNCP
060314,SEGUROS,SNCP
060315,OTRO SERVICIO DE SEGUROS NO ESPECIFICADO,SNCP
060316,CAJERO AUTOMÁTICO,SRTM
060317,ADMINISTRACIÓN FONDO DE PENSIONES AFP,SNCP
060400,INSTITUTOS,SNCP
060401,INSTITUTO DE INVESTIGACIÓN Y CIENTÍFICO,SNCP
060500,GOBIERNO EXTRANJERO,SNCP
060501,EMBAJADA,SRTM
060502,CONSULADO,SRTM
060503,LEGACIÓN,SNCP
060504,ORGANISMO INTERNACIONAL,SRTM
060600,ENTIDAD RELIGIOSA,ARMONIZACION
060601,CATEDRAL,SRTM
060602,PARROQUIA,SRTM
060603,CAPILLA,SRTM
060604,TEMPLO DE LA IGLESIA ADVENTISTA,SRTM
060605,TEMPLO DE LA IGLESIA ALIANZA CRISTIANA Y MISIONERA,SNCP
060606,TEMPLO DE LA IGLESIA ANGLICANA,SNCP
060607,TEMPLO DE LA IGLESIA BAUTISTA,SNCP
060608,TEMPLO DE LA IGLESIA EVANGÉLICA,SNCP
060609,TEMPLO DE LA IGLESIA DE LOS SANTOS DE LOS ÚLTIMOS DÍAS,ARMONIZACION
060610,CONVENTO O MONASTERIO,SNCP
060611,SALA DE REUNIÓN DEPENDIENTE DE LA ENTIDAD RELIGIOSA,ARMONIZACION
060612,TEMPLO TESTIGO DE JEHOVÁ,SNCP
060700,ENTIDAD SOCIAL-COMUNAL,ARMONIZACION
060701,HOSPICIO,SNCP
060702,ALBERGUE,ARMONIZACION
060703,PUERICULTORIO,SRTM
060704,ASILO,SRTM
060705,COMPAÑÍA DE BOMBEROS,SRTM
060706,COMEDOR POPULAR,SRTM
060707,LOCAL COMUNAL,SRTM
060708,GUARDERÍA,SNCP
060800,ASOCIACIÓN O FUNDACIÓN,ARMONIZACION
060801,CULTURAL O EDUCACIONAL,ARMONIZACION
060802,RELIGIOSA,SNCP
060803,LABORAL,SNCP
060804,POLÍTICA,SNCP
060805,ASISTENCIA SOCIAL,SNCP
060806,COMERCIAL,ARMONIZACION
060807,PROFESIONAL,SNCP
070000,TERRENO,ARMONIZACION
070100,DESOCUPADO,SRTM
070101,SIN CONSTRUIR,SRTM
070200,EN CONSTRUCCIÓN,SRTM
070201,EN CONSTRUCCIÓN,SRTM
070300,CONSTRUCCIÓN PARCIAL,ARMONIZACION
070301,CONSTRUCCIÓN PARCIAL,SRTM
070400,OCUPADO,SRTM
070401,CON CONSTRUCCIÓN DE TERCEROS,SRTM
070402,TERRENO CONSTRUCCIÓN PARCIAL,SRTM
080000,DESOCUPADO,SNCP
080100,DESOCUPADO,SRTM
080101,CON CONSTRUCCIÓN,SRTM
090000,GARAGE,SNCP
090100,RESIDENCIAL UNIFAMILIAR,SNCP
090101,CASA HABITACIÓN,SRTM
090200,RESIDENCIAL MULTIFAMILIAR,SNCP
090201,EDIFICIO,SRTM
090202,QUINTA,SRTM
090300,COMERCIO,SNCP
090301,COMERCIO,SNCP
100000,BIENES COMUNES,ARMONIZACION
100100,RESIDENCIAL,SRTM
100101,EDIFICIO,SRTM
100102,QUINTA,SRTM
100103,CALLEJÓN,SRTM
100104,CORRALÓN,SRTM
100105,SOLAR,SRTM
100106,CASA HABITACIÓN,SRTM
100200,COMERCIAL,SRTM
100201,CENTRO COMERCIAL,SRTM
100202,GALERÍA,SRTM
100203,OFICINA,SRTM
100204,OTRO NO ESPECIFICADO,SRTM
100205,MERCADO,SRTM
100300,INDUSTRIAL,SRTM
100301,INDUSTRIA,SRTM
100400,TERRENO COMÚN,SRTM
100401,RESIDENCIAL,SRTM
100402,COMERCIAL,SRTM
100403,INDUSTRIAL,SRTM
