pagina,codigo,pecuniaria,motivo
31,02.01.001,0%,multa de 0 %: «0%»
32,02.02.001,0%,multa de 0 %: «0%»
36,04.01.029,,sin multa pecuniaria
40,04.01.045,10% por metro3 de material extraido por administrado,"multa por unidad, el acta calcula una sola: «10% por metro3 de material extraido por administrado»"
45,05.01.012,,sin multa pecuniaria
45,05.01.013,,sin multa pecuniaria
49,05.01.020,,sin multa pecuniaria
49,05.01.021,,sin multa pecuniaria
57,05.01.036,,sin multa pecuniaria
65,05.01.060,,sin multa pecuniaria
68,05.01.078,10% por cada árbol,"multa por unidad, el acta calcula una sola: «10% por cada árbol»"
68,05.01.079,10% por cada árbol,"multa por unidad, el acta calcula una sola: «10% por cada árbol»"
69,05.01.080,10% por cada árbol,"multa por unidad, el acta calcula una sola: «10% por cada árbol»"
69,05.01.081,10% por cada árbol,"multa por unidad, el acta calcula una sola: «10% por cada árbol»"
69,05.01.082,10% por cada árbol,"multa por unidad, el acta calcula una sola: «10% por cada árbol»"
69,05.01.083,10% por cada árbol,"multa por unidad, el acta calcula una sola: «10% por cada árbol»"
78,05.02.043,,sin multa pecuniaria
78,05.02.044,,sin multa pecuniaria
79,05.02.045,,sin multa pecuniaria
79,05.02.046,,sin multa pecuniaria
79,05.02.047,,sin multa pecuniaria
79,05.02.048,,sin multa pecuniaria
80,05.02.049,,sin multa pecuniaria
141,06.01.032,1%,"el código 06.01.032 está 2 veces, con otras cifras o textos"
141,06.01.032,200%,"el código 06.01.032 está 2 veces, con otras cifras o textos"
149,08.00.010,,sin multa pecuniaria
